"","author"
"1","L Hashemi"
"2","B Mellar"
"3","M Ghasemi"
"4","Yixian Wen"
"5","Hongliang Miao"
"6","Hongna Du"
"7","Huirong Zhu"
"8","Qin Wang"
"9","Shiyuan Zhou"
"10","Xiaoqin Yang"
"11","Zhixiong Liao"
"12","Xinyuan Fan"
"13","Weiguo Zhang"
"14","Yeqing Chen"
"15","Mengze Zhang"
"16","Baeki Hyng"
"17","Rui Wang"
"18","Sha Yang"
"19","Xiulei Mao"
"20","Ping Zhong"
"21","Hang Yin"
"22","Yuanfu Li"
"23","Xi Chen"
"24","Qinjin Li"
"25","Fuxia Zou"
"26","Dan Wang"
"27","Tao Li"
"28","Mengyao Hu"
"29","Hui Du"
"30","Zhenhong Xiao"
"31","Jianbang Shi"
"32","Rui Tan"
"33","Junyi Shen"
"34","Yi Zheng"
"35","Chuan Sun"
"36","Li Gong"
"37","Chao Wang"
"38","Jiangtao Bai"
"39","Yan Cui"
"40","Yuchen Song"
"41","Yi Wei"
"42","Yao Qiu"
"43","Yajie Liu"
"44","Ying Tong"
"45","Xuyu Xiang"
"46","Yingying Luo"
"47","Shan Yingkun"
"48","Chen Liang"
"49","Chu Jing"
"50","Rui Chen"
"51","Fangyuan Xu"
"52","Feng Han"
"53","Xihong Li"
"54","Huiming Li"
"55","Jiesen Yin"
"56","Xueyan Bai"
"57","Xiajian Wang"
"58","Nannan Liang"
"59","Haifeng Xu"
"60","WanLi Zhang"
"61","Lin Cui"
"62","Xiaomeng Kang"
"63","Minggao Zheng"
"64","Qihua Liu"
"65","Jian Cao"
"66","Jie Geng"
"67","Weimin Shen"
"68","Chengwu Sun"
"69","Xiaoyue Zhu"
"70","Minhao Zhang"
"71","Xiaolian Di"
"72","Li Li"
"73","Bin Cheng"
"74","Fawen Dai"
"75","Yanting Liu"
"76","Meimei Zhang"
"77","Tao Lin"
"78","Huashuo Chu"
"79","Ruixue Gong"
"80","Baokai Zhao"
"81","Long Wang"
"82","Shuaipeng Guan"
"83","Wei Deng"
"84","Ping Lu"
"85","Zhe Xie"
"86","Xiaohua He"
"87","Zhongyi Zhao"
"88","Shenyu Wang"
"89","Yan Chen"
"90","Yahui Ji"
"91","Ye Luo"
"92","Yuan Qian"
"93","Jiemin Yin"
"94","Lai Wang Wang"
"95","Chen Chih Hung"
"96","Ching Tang Hsieh"
"97","Zhi Li"
"98","Zhanyong Qi"
"99","Ye Li"
"100","Dengfeng Yao"
"101","Bo An"
"102","Lin Gao"
"103","Yu Guan"
"104","Chen Chen"
"105","Bo Song"
"106","Yongcai Rao"
"107","Chunli Feng"
"108","Zhao Lihua"
"109","Jie Chen"
"110","Wei Zheng"
"111","Tianchan Shan"
"112","Xiuqing Guo"
"113","Jie Yan"
"114","Zhenhua Li"
"115","Ziqin Shu"
"116","Ming Huang"
"117","Chun Cui"
"118","Dong Chen"
"119","Junhong Xie"
"120","Xiaoyong Li"
"121","Caiyi Liang"
"122","Jin Wang"
"123","Zhen Ma"
"124","Yanping Ma"
"125","Haifeng Wang"
"126","Guangsi Li"
"127","Yunzhi Hu"
"128","Yinan Hao"
"129","Shenghui Li"
"130","Wenmin Wang"
"131","Xiang Sui"
"132","Guangqing Zhang"
"133","Zixuan Zeng"
"134","ZhiAng Wang"
"135","Yubo Liu"
"136","Qian Guo"
"137","Chang Cao"
"138","Jia Fan"
"139","Jun Wang"
"140","Xuying Hu"
"141","Xiu Zhao"
"142","Yu Zhao"
"143","Shuying Liu"
"144","Zinan Liu"
"145","Ying Mo"
"146","Qiang Li"
"147","Li Yang"
"148","Guo Qiang"
"149","Liu Ya-mei"
"150","Guo Li"
"151","Abid Haider"
"152","Sarmadullah Khan"
"153","Abdullah Mohamed"
"154","Shahbaz Khan"
"155","Razaullah Khan"
"156","Shisong Wu"
"157","Aijun Yang"
"158","Shuyan Yu"
"159","Suyao Zhao"
"160","Chengyi Li"
"161","Mengmeng Tian"
"162","Hengyuan Zhang"
"163","Zhixuan Xiao"
"164","Runjiu Hu"
"165","Zongrui Li"
"166","Kai Zhao"
"167","Zhi Su"
"168","Ling Chen"
"169","Zhang Guili"
"170","Li Pengxi"
"171","Yu Yinglong"
"172","Liang Zhao"
"173","Zhang Hanyue"
"174","Jing Chen"
"175","Jieguan Huang"
"176","Luo Luo"
"177","Xin Ma"
"178","He Peng"
"179","Cheng Qin"
"180","Min Wang"
"181","Liling Fu"
"182","Pengcheng Zhao"
"183","Han Xiao"
"184","Lunfu Li"
"185","Song Shan"
"186","Shuxiang Li"
"187","Guowei Chen"
"188","Shuai Wang"
"189","Mengchen Xue"
"190","Qi Wang"
"191","Dandan Li"
"192","Jianxing Wang"
"193","Luo Weisheng"
"194","Hong Hui"
"195","Donghua Zhou"
"196","Shan He"
"197","Aiqin Li"
"198","Yuzhen Huang"
"199","Jiaxun Liu"
"200","Kaixin Li"
"201","Xingan Yao"
"202","Jinghui Wu"
"203","Jie Zhang"
"204","Ba Xu"
"205","Linlin Chen"
"206","Yifeng Lu"
"207","Sihua Liu"
"208","Yunting Bai"
"209","Ke Liu"
"210","Johan Awang bin Othman"
"211","Changlei Zhou"
"212","Tingting Ma"
"213","MingQian Zhang"
"214","Tinting Yu"
"215","Yunxiang Huo"
"216","Jie Li"
"217","Dongphil Chun"
"218","Hengjun Luo"
"219","Yixuan Chang"
"220","Jiakun Yu"
"221","Yufei Gong"
"222","Siyu Chen"
"223","Yuyang Cui"
"224","Yun Zhu"
"225","Guolin Song"
"226","Yanghua Shi"
"227","Xiuli Wang"
"228","Bin Wang"
"229","Guangming He"
"230","Yan Huang"
"231","Xia Liu"
"232","Gang Bai"
"233","Wenxia Liu"
"234","Weiming Shi"
"235","Xin Xiang"
"236","Hongbo Lu"
"237","Lifeng Wang"
"238","Jia Yang"
"239","Wei Xia"
"240","Ying Hong"
"241","Haixiang Li"
"242","Weixian Xue"
"243","Bo Chen"
"244","Kai Wang"
"245","Yujia Han"
"246","Hyung gon Kim"
"247","Tian Lan"
"248","Fu Lin Chu"
"249","Chien Hua Chang"
"250","Yu Wang"
"251","Qing Ting Ni"
"252","Tianheng Xie"
"253","Jianfang Zhang"
"254","Hongli Guo"
"255","Tong Zou"
"256","Lu Wang"
"257","Weijie Zhi"
"258","YuWen Zhang"
"259","Hao Yang"
"260","Jing Fan"
"261","Ming Kang"
"262","David Dubois"
"263","Derek D Rucker"
"264","Adam D Galinsky"
"265","Araceli Rojo Gallego Burin"
"266","Maria Nieves Perez-Arostegui"
"267","Javier Llorens-Montes"
"268","Mesut Akdere"
"269","Kris Acheson"
"270","Yeling Jiang"
"271","Jennie Bai"
"272","Turan G Bali"
"273","Quan Wen"
"274","Tayebeh Saghapour"
"275","Sara Moridpour"
"276","Russell G Thompson"
"277","Francesca Gino"
"278","Maryam Kouchaki"
"279","Tiziana Casciaro"
"280","Yu Liu"
"281","Zhengchao Zhang"
"282","Xin Jing"
"283","Yawen Yang"
"284","Xiaojing Liu"
"285","Wenli Seng"
"286","Ying Jin"
"287","Li Rong"
"288","Xiaoyan Dong"
"289","Ziqi Xu"
"290","Lurong Yang"
"291","Jin Xiao"
"292","Wen An"
"293","Yan Yan"
"294","Huaye Huang"
"295","Dongliang Wang"
"296","Yanhong Jing"
"297","Shai Elkayam"
"298","Yaron Orenstein"
"299","Scott S Wiltermuth"
"300","Andrea Ghelfi"
"301","Kenta Shirasawa"
"302","Hideki Hirakawa"
"303","Sachiko Isobe"
"304","Hossein Mohammadhosseini"
"305","Jamaludin Mohamad Yatim"
"306","Abdul Rahman Mohd Sam"
"307","A S M Abdul Awal"
"308","Mahmood Md Tahir"
"309","Nor Hasanah Abdul Shukor Lim"
"310","Mostafa Samadi"
"311","Rayed Alyousef"
"312","Hisham Alabduljabbar"
"313","Abdeliazim Mustafa Mohamed"
"314","Jeffrey Camarda"
"315","Steven J Lee"
"316","Pueter de Jong"
"317","Jerusha Lee"
"318","Xinyan Guo"
"319","Ni Ni"
"320","Mali Shi"
"321","Xiaohui Zhang"
"322","Qingbin Yuan"
"323","Na Wang"
"324","Shenghu Zhang"
"325","Yi Luo"
"326","H W Gottinger"
"327","Zhao Yong"
"328","Wu Xinlin"
"329","Huan He"
"330","Xinyun Guo"
"331","Jialin Yu"
"332","Chen Ai"
"333","Shaoping Shi"
"334","Pankaj K P Shreyaskar"
"335","Pramod Pathak"
"336","Mohammad Mahin Uddin"
"337","Sumran Ali"
"338","Tajdar Khan"
"339","Amjad Hossain Reyad"
"340","Rajesh Paul"
"341","Raffaele Filieri"
"342","Salma Alguezaui"
"343","Meisam Karami"
"344","Shaghayegh Malekifar"
"345","Ali Beigi Nasiri"
"346","Homayoun Feili"
"347","Saif Ur Rehman Khan"
"348","Abdulrahman A Alfalah"
"349","Soud A Alganem"
"350","Maria Costanza Torri"
"351","Mwafak Shakoor"
"352","Moayyad Al-Nasra"
"353","Wisam Abu Jadayil"
"354","Nasser Jaber"
"355","Mohamed Qureshi"
"356","R Lavanya"
"357","B Bharathi"
"358","YalÄ±n AygÃ¼n"
"359","Åakir TÃ¼fekÃ§i"
"360","Vikas Kumar"
"361","J K Nayak"
"362","Martin Meyer"
"363","Debasish Dutta"
"364","P E Jacob"
"365","F Lindsten"
"366","T B SchÃ¶n"
"367","Umer Shahzad"
"368","Muhammad Ramzan"
"369","Muhammad Ibrahim Shah"
"370","Buhari DoÄan"
"371","Ahdi Noomen Ajmi"
"372","Javad Soroor"
"373","Mohmmad Jafar Tarokh"
"374","Farid Khoshalhan"
"375","Sara Sajjadi"
"376","E Triantis"
"377","J Tzouvadakis"
"378","F Bougiatioti"
"379","D Diamantidou"
"380","G Chryssicopoulos"
"381","Mohammed Sakr"
"382","Ãzlem Ãavdar"
"383","K Pourazin"
"384","S Eshghi"
"385","Ande Langga"
"386","Mina Bergstad"
"387","Dani Or"
"388","Philip J Withers"
"389","Nima Shokri"
"390","Bassem Salhi"
"391","Nicolas GuÃ©guen"
"392","Robert-Vincent Joule"
"393","Lubomir Lamy"
"394","Jacques Fischer-Lokou"
"395","Liv Lefebvre"
"396","Hoang Nhat Phong Vo"
"397","Xuan Thanh Bui"
"398","Thanh Tin Nguyen"
"399","Dinh Duc Nguyen"
"400","Ngoc Dan Thanh Cao"
"401","Thi Kim Quyen Vo"
"402","R Grossarth-Maticek"
"403","H J Eysenck"
"404","G Uhlenbruck"
"405","H Rieder"
"406","H Vetter"
"407","C Freesemann"
"408","L Rakic"
"409","G Gallasch"
"410","D T Kanazir"
"411","H Liesen"
"412","Muhammad Haseeb"
"413","Tulus Suryanto"
"414","Nira Hariyatie Hartani"
"415","Kittisak Jermsittiparsert"
"416","M Ãngeles Oviedo-GarcÃ­a"
"417","Nicolas Gueguen"
"418","Jayanta Kumar Kumar"
"419","Sugata Marjit"
"420","Joonmo Cho"
"421","Jaeho Keum"
"422","Wen Fang"
"423","Chunhua Zhang"
"424","Yangyang Li"
"425","Baopeng Zhao"
"426","Junhao Liu"
"427","Qing Cheng"
"428","Yuanji Wang"
"429","Changqi Yang"
"430","Rui Zhou"
"431","Xinping Zhu"
"432","Di Yao"
"433","Junjie Zhou"
"434","Yaqian Du"
"435","Shanshan Yang"
"436","Lijin Liu"
"437","Michael Salib"
"438","Valeriy Heyets"
"439","Theuns KotzÃ©"
"440","Pierre Mostert"
"441","Kum-Choi Om"
"442","Guoyu Ren"
"443","Sang-Il Jong"
"444","Kang-Choi O"
"445","Hak-Choi Ryu"
"446","Marina O Latukha"
"447","Tat'iana V Tsukanova"
"448","Paul E Madlock"
"449","Abdollah Hadi-Vencheh"
"450","Majid Tavassoli-Kajani"
"451","Pataporn Sukontamarn"
"452","Li Feng"
"453","Mustafa C Karakus"
"454","David S Salkever"
"455","Eric P Slade"
"456","Nicholas Ialongo"
"457","Elizabeth Stuart"
"458","Indra Abeysekera"
"459","Patricia McLaughlin"
"460","Anthony Mills"
"461","Paola Giuliano"
"462","Antonio Spilimbergo"
"463","Lina Elmoiz Alatabani"
"464","Elmustafa Sayed Ali"
"465","Rania A Mokhtar"
"466","Rashid A Saeed"
"467","Hesham Alhumyani"
"468","Mohammad Kamrul Hasan"
"469","Amy Hing-Ling Lau"
"470","Hon-Shiang Lau"
"471","Christophe Schinckus"
"472","Jun Zhang"
"473","Qingjun Guo"
"474","Chenjun Du"
"475","Rongfei Wei"
"476","Jiaxiang Zhu"
"477","Yangfei Gao"
"478","Yangyan Shi"
"479","Sanjoy Kumar Paul"
"480","Biying Zhao"
"481","Licheng Sun"
"482","Xiaoxiao Cao"
"483","Siying Gao"
"484","Muhammad Sadiq"
"485","Muhammad Mohsin"
"486","Farhad Taghizadeh-Hesary"
"487","Fei Gao"
"488","Tina M Lowrey"
"489","L J Shrum"
"490","Mark J Landau"
"491","Dawn Choo"
"492","Sathana Dushyanthen"
"493","Kathleen Gray"
"494","Daniel Capurro"
"495","Mark Merolli"
"496","Brian E Chapman"
"497","Douglas Pires"
"498","Graeme K Hart"
"499","Kit Huckvale"
"500","Wendy W Chapman"
"501","Kayley Lyons"
"502","Crampton Noah"
"503","Greiver Michelle"
"504","Woods Nicole"
"505","Singer Alex"
"506","Domb Sharon"
"507","Orava Matthew"
"508","Shachak Aviv"
"509","Othman O Khalifa"
"510","Muhammad H Wajdi"
"511","Aisha H. A Hashim"
"512","Muhammed Z Ahmed"
"513","Yi Zheng Dai"
"514","Chen Yang Zhang"
"515","Bo Wang"
"516","Yu Li"
"517","Muhammad Talha"
"518","Le Kang"
"519","Yeping Chu"
"520","Kaijun Leng"
"521","Inneke Van Nieuwenhuyse"
"522","Ying Yang"
"523","J Uthayakumar"
"524","Noura Metawa"
"525","K Shankar"
"526","S K Lakshmanaprabu"
"527","Chao Yin"
"528","Mingyu Zhang"
"529","Yihua Zhang"
"530","Wenbing Wu"
"531","Jing Ming Zhang"
"532","Shu Zhen Zhu"
"533","Wei Yan"
"534","Zhi Peng Li"
"535","Liming Zhang"
"536","Kuankuan Luo"
"537","Jinglin Zhao"
"538","Hong Zhao"
"539","Yulin Deng"
"540","Qianying Gao"
"541","Shaofei Wu"
"542","Zheng Ye"
"543","Jianzhuang Zheng"
"544","Ruiyi Tu"
"545","Yuan Zheng"
"546","Shaui Li"
"547","Hao Yu"
"548","Maozhu Jin"
"549","Hua Wang"
"550","Qian Zhang"
"551","Yucheng Zeng"
"552","Ying Luan"
"553","Zhuo Zhang"
"554","Wei Li"
"555","Qiling Zhou"
"556","Junying Ren"
"557","Samantha Spector"
"558","Lan Yu"
"559","Shuyang Xiao"
"560","Jian Liu"
"561","Chunlin Liu"
"562","Lanping Zhang"
"563","Yi Xu"
"564","Yuan Chen"
"565","Kejing Lu"
"566","Yu Jie Lyu"
"567","Xianjun Li"
"568","Yuan Zhang"
"569","Li Bai"
"570","Xiaosu Liu"
"571","Yanliang Yu"
"572","Qi Yue"
"573","Xing Hua"
"574","Mei Quan"
"575","Hai Li Zhang"
"576","Xiao Tao Guo"
"577","Weihua Duan"
"578","Guochao Zhang"
"579","Zhichuan Zhu"
"580","Junyan Zhang"
"581","Jianfei Shen"
"582","Lincong Han"
"583","Huiqun Yuan"
"584","Hongbin Qiu"
"585","Ya Bi"
"586","Sheng Hung Chang"
"587","Anthony Lam"
"588","Yu Yuan"
"589","Linfang Hou"
"590","Bing Li"
"591","Xiaocong Ren"
"592","Jun He"
"593","Zilong Huang"
"594","Yang Zhao"
"595","P Mohamed Shakeel"
"596","Carlos Enrique Montenegro-Marin"
"597","Xiaomeng Ma"
"598","Huahua Li"
"599","He Pang"
"600","Wukang Zhang"
"601","Fengfan Zhang"
"602","Li Weiping"
"603","Wang Weihan"
"604","Lichun Zhou"
"605","Nick Williams"
"606","Colin C Williams"
"607","Zhi-Jiang Liu"
"608","Ahmad Ghandour"
"609","Anastasia Kurilova"
"610","Wang Dou"
"611","Mingzhu Qian"
"612","Xiaobao Wang"
"613","Ling Yang"
"614","Shouxu Jiang"
"615","Fusheng Zhang"
"616","Ming Zhao"
"617","Li Ma"
"618","Lusine Grigoryan"
"619","San Seo"
"620","Dora Simunovic"
"621","Wilhelm Hofmann"
"622","Jianzhong Li"
"623","Alhanouf Alburaikan"
"624","Rita de Fatima Minuz"
"625","Anissa Dakhli"
"626","Muhammad Farooq"
"627","Amna Noor"
"628","Shahzadah Fahad Qureshi"
"629","Arun Kumar Kaushik"
"630","Zillur Rahman"
"631","Jie Shen"
"632","Jenny Dumont"
"633","Xin Deng"
"634","Neeraj Gupta"
"635","Saurabh Gupta"
"636","Mahdi Khosravy"
"637","Nilanjan Dey"
"638","Nisheeth Joshi"
"639","RubÃ©n GonzÃ¡lez Crespo"
"640","Nilesh Patel"
"641","Qian Cao"
"642","Md Nazirul Islam Sarker"
"643","Jiangyan Sun"
"644","Min Wu"
"645","GM Monirul Alam"
"646","Roger C Shouse"
"647","G M Monirul Alam"
"648","Mobin Fatma"
"649","Imran Khan"
"650","Andrea Perez"
"651","L Iorio"
"652","Nie Songqing"
"653","Liang Weiqu"
"654","Mo Weiqin"
"655","Miao Bingbing"
"656","Daiying Wu"
"657","Peng Miao"
"658","Oscar SanjuÃ¡n MartÃ­nez"
"659","Maryna O Dei"
"660","Iryna S Skliar"
"661","Anatolii Ie Shevchenko"
"662","Andriy Cherneha"
"663","Oleksii V Tavolzhanskyi"
"664","Adegoke Oke"
"665","Moronke Idiagbon-Oke"
"666","Frederick O Walumbwa"
"667","Kangning Zheng"
"668","Zuopeng Zhang"
"669","Bin Song"
"670","Hunhui Oh"
"671","Joon-Hee Oh"
"672","Melanie Schwarz"
"673","Sri Indah Pujiastuti"
"674","Manfred Holodynski"
"675","T O Ojo"
"676","A A Ogundeji"
"677","J A Belle"
"678","S Roy"
"679","A K Das"
"680","R Banerjee"
"681","Rahim A Abbaspour"
"682","Farhad Samadzadegan"
"683","Hee Chan Song"
"684","Qiping Xu"
"685","Eric Zwick"
"686","Vinit M Desai"
"687","P K Bose"
"688","Ali Sabyrzhan"
"689","Gulnara Balgimbekova"
"690","Viktor Shestak"
"691","Arash Karimipour"
"692","Mahmoud Edalati"
"693","Mehraj U Din Dar"
"694","Aamir Ishaq Shah"
"695","Shakeel Ahmad Bhat"
"696","Rohitashw Kumar"
"697","Donald Huisingh"
"698","Rajbir Kaur"
"699","Jeffrey Gauthier"
"700","Jayati Sinha"
"701","Rajesh Bagchi"
"702","Jing Wang"
"703","Sojin Jung"
"704","Byoungho Ellie Jin"
"705","Mitch Brown"
"706","Donald F Sacco"
"707","Kelsey M Drea"
"708","Jian Jin Tian"
"709","Da Jun Zhang"
"710","Philip Rodkin"
"711","Abdelkader Derbali"
"712","Lamia Jamel"
"713","Shan Wu"
"714","Zhe Zhang"
"715","Ming Jia"
"716","Mostafa Jalal"
"717","Hamid Jalal"
"718","Martin Bordewieck"
"719","Malte Elson"
"720","Olivia Kyriakidou"
"721","Unal A Kahraman"
"722","Fan Yang"
"723","Hao Xie"
"724","Huxiong Li"
"725","Yinkun Li"
"726","Anzhi Wang"
"727","Shenrong Wei"
"728","Li Junsheng"
"729","Liyuan Zhao"
"730","Ao Wang"
"731","Ye Zhao"
"732","Linheng Song"
"733","Yicai Shen"
"734","Le Niu"
"735","Zhiyuan Lv"
"736","Le Shen"
"737","Xianfang Zhang"
"738","Qiaoping Zhou"
"739","Ki Hyung Bae"
"740","Xin Dai"
"741","Tainshan Ma"
"742","Chunqiong Wu"
"743","Bingwen Yan"
"744","Rongrui Yu"
"745","Baoqin Yu"
"746","Xiukao Zhou"
"747","Na Chen"
"748","Liping Lou"
"749","Zhao Yang"
"750","Ke Su"
"751","Chae Kwan Lim"
"752","Wenjun Jiang"
"753","Ning Zhang"
"754","Rui Zhao"
"755","Jianfang Yue"
"756","Linlin Niu"
"757","Sage Owens"
"758","Kal Avers-Lynde III"
"759","Xiaodan Peng"
"760","Rui Yang"
"761","Shanghui Song"
"762","Liangcai Yao"
"763","Chong Lan"
"764","Pramod Sharma"
"765","Jogendra Kumar Nayak"
"766","Joggendra Kumar Nayak"
"767","Joe T Y Wong"
"768","Eddie C M Hui"
"769","Marc Leverette"
"770","LevÃ­ GarcÃ­a-Romero"
"771","Carolina PeÃ±a-Alonso"
"772","Patrick A Hesp"
"773","Antonio I HernÃ¡ndez-Cordero"
"774","Luis HernÃ¡ndez-Calvento"
"775","Pronobesh Banerjee"
"776","Promothesh Chatterjee"
"777","Chi Shing Tse"
"778","Jeanette Altarriba"
"779","Muhammad Ijaz"
"780","Wali Khan Mashwani"
"781","Atilla Goktas"
"782","Yuksel Akay Unvan"
"783","Benny Hutahayan"
"784","Stefanus Yufra"
"785","Agus Hermanto"
"786","Solimun Solimun"
"787","Adji Achmad Rinaldo Fernandes"
"788","Wahyono Wahyono"
"789","Zulkarnain Zulkarnain"
"790","Adel Ifa"
"791","Imene Guetat"
"792","Vighneswara Swamy"
"793","Vit MachÃ¡Äek"
"794","Martin Srholec"
"795","Babak Taheri"
"796","Thomas Farrington"
"797","Ross Curran"
"798","Kevin OâGorman"
"799","Franccesco Finazzi"
"800","Lucia Paci"
"801","Bogdan Dragos Ilies"
"802","Shamjad P Moosakutty"
"803","Najeh M Kharbatia"
"804","S Mani Sarathy"
"805","Hung Che Wu"
"806","Chi Han Ai"
"807","Ya Yuan Chang"
"808","James Heyman"
"809","Dan Ariely"
"810","Ibrar Yaqoob"
"811","Victor Chang"
"812","Abdullah Gani"
"813","Salimah Mokhtar"
"814","Ibrahim Abaker Targio Hashem"
"815","Ejaz Ahmed"
"816","Nor Badrul Anuar"
"817","Samee U Khan"
"818","Misbah Liaqat"
"819","Siti Hafizah ab Hamid"
"820","Rana Liaqat Ali"
"821","Rana M Haseeb"
"822","Tahir Maqsood"
"823","Adriano A Rampini"
"824","S Viswanathan"
"825","Guillaume Vuillemey"
"826","Sahar A Al Shabasy"
"827","Maggie M Abbassi"
"828","Aureliano Paolo Finch"
"829","Arthur Jing Lin"
"830","Chien-Lung Hsu"
"831","Chun-Hao Chiang"
"832","David M Gilgor"
"833","Millorad Novicevic"
"834","Javad Feizabadi"
"835","Andrew Stapleton"
"836","Weimin Jin"
"837","Mashrur Chowdhury"
"838","M Sabbir Salek"
"839","Sakib Mahmud Khan"
"840","Patrick Gerard"
"841","Matthew Wood"
"842","Paurav Shukla"
"843","Kareem Haggag"
"844","Devin G Pope"
"845","Kinsey B Bryant-Lees"
"846","Maarten W Bos"
"847","J F GÃ³mez-Aguilar"
"848","Abdon Atangana"
"849","Jun Ma"
"850","Jumei Shen"
"851","Bilal Afsar"
"852","Basheer M Al-Ghazali"
"853","Zia Ur Rehman"
"854","Waheed Ali Umrani"
"855","Sadia Cheema"
"856","Basheer M AlâGhazali"
"857","Ahsen Maqsoom"
"858","Sajjad A Afridi"
"859","Asad Shahjehan"
"860","Zia U Rehman"
"861","Maqsood Haider"
"862","Mehboob Ullah"
"863","Seda Ä°Äret Araz"
"864","Rihab Bedoui"
"865","Sana Braiek"
"866","Khaled Guesmi"
"867","Julien Chevalier"
"868","Shenglong Li"
"869","Pandia Rajan Jeyaraj"
"870","Edward Rajan Samuel Nadar"
"871","Gautam Kumar Sarma"
"872","Susmita Sen Gupta"
"873","Krishna G Bhattacharyya"
"874","Nicole Verrochi Coleman"
"875","Patti Williams"
"876","Jiahai Yuan"
"877","Yan Xu"
"878","Zhaoguang Hu"
"879","Ping Dong"
"880","Chen Bo Zhong"
"881","Thomas Bailey"
"882","Fadi Thabtah"
"883","Marcus Wright"
"884","Duy Anh Tran"
"885","Sean T H Lee"
"886","Norman P Li"
"887","Andrea L Meltzer"
"888","Nadhilla V Melia"
"889","Hui Si Oh"
"890","Pan Wu"
"891","Wen Tao Mo"
"892","Zhaobo Chen"
"893","Yanling Wang"
"894","Yubo Cui"
"895","Ying Zhang"
"896","Yantao Song"
"897","Liming Jin"
"898","Yanxi Hou"
"899","Feifei Zhu"
"900","Bo Cao"
"901","Ning Li"
"902","JÃ¶rg Kemmerzell"
"903","Veith Selk"
"904","Andrea C Morales"
"905","Andrew Edward White"
"906","P F Khaleelur Rahiman"
"907","V S Jayanthi"
"908","A N Jayanthi"
"909","Xun (Irene) Huang"
"910","Pong Dong"
"911","Meng Zhang"
"912","Cory J Clark"
"913","Bo M Winegard"
"914","Jordan Beardslee"
"915","Roy F Baumeister"
"916","Azim F Shariff"
"917","Wessel M Badenhorst"
"918","Leon M BrÃ¼mmer"
"919","Johannes H vH de Wet"
"920","J Philippe Rushton"
"921","Donald I Templer"
"922","Ludovica Cesareo"
"923","Chih Hsiung Tseng"
"924","Sheng Tzong Cheng"
"925","Yi Hsien Wang"
"926","Bashar H Malkawi"
"927","K P Sooraj"
"928","Kyong Hwan Seo"
"929","June Yi Lee"
"930","Ercan Senyigit"
"931","Euclid A Rose"
"932","Alon Yakter"
"933","Belen Lowrey-Kinberg"
"934","Ali Toghroli"
"935","Meldi Suhatril"
"936","Zainah Ibrahim"
"937","Maryam Safa"
"938","Mahdi Shariati"
"939","Shahaboddin Shamshirband"
"940","Holger Benavides Munoz"
"941","Seyyed Ali Noorhosseini"
"942","Esmaeil Fallahi"
"943","Christos A Damalas"
"944","Mohammad Sadegh Allahyari"
"945","Mohammad Sameti"
"946","Fariborz Haghighat"
"947","Srdjan Jovic"
"948","Nebojsa Arsic"
"949","Ljubomir M Maric"
"950","Dalibor Petkovic"
"951","Wentao Wang"
"952","Guangxue Yue"
"953","Chunxia Ou"
"954","Lei Yang"
"955","Hu Lin"
"956","Liaomo Zheng"
"957","Ronald Grossarth-Maticek"
"958","Hans J Eysenck"
"959","A Pfeifer"
"960","Peter Schmidt"
"961","G Koppel"
"962","Hermann Vetter"
"963","Chu Mei Liu"
"964","M Soueif"
"965","A Furnham"
"966","Richard Lynn"
"967","J W C Chan"
"968","C D Frith"
"969","J Chan"
"970","K O Gotz"
"971","S Iwawaki"
"972","R Lynn"
"973","A R Borisy"
"974","J F Allsopp"
"975","R N Bone"
"976","Sybil B G Eysenck"
"977","Glenn D Wilson"
"978","Olive A Tunstall"
"979","Saburo Iwawaki"
"980","T Russell"
"981","R A Willett"
"982","C G Costello"
"983","H Holland"
"984","Yunong Li"
"985","Teng Zhang"
"986","Gerhard Uhlenbruck"
"987","Hermann Rieder"
"988","Lyobasa Rakic"
"989","Zhongshan Chen"
"990","Dongli Wei"
"991","Qian Li"
"992","Xiangxue Wang"
"993","Shujun Yu"
"994","Lu Liu"
"995","Bei Liu"
"996","Shengyu Xie"
"997","Jian Wang"
"998","Diyun Chen"
"999","Tasawar Hayat"
"1000","Xiangke Wang"
"1001","Yaxuan Ran"
"1002","Sam J Maglio"
"1003","Scott Baum"
"1004","Anthea Bill"
"1005","William F Mitchell"
"1006","Matthew T Pratola"
"1007","Ofir Harari"
"1008","Derek Bingham"
"1009","Gwenn E Flowers"
"1010","Anuja Agarwal"
"1011","Deepali Singh"
"1012","Nanqi Yuan"
"1013","Wenli Yang"
"1014","Byeong Kang"
"1015","Shuxiang Xu"
"1016","Chengjing Li"
"1017","Che Wei Su"
"1018","Zheng Zheng Li"
"1019","Ran Tao"
"1020","Deng Kui Si"
"1021","Eric A Stewart"
"1022","Ramiro Martinez Jr"
"1023","Eric P Baumer"
"1024","Marc Gertz"
"1025","Brian D Johnson"
"1026","Patricia Y Warren"
"1027","Jordyn L Rosario"
"1028","Cresean Hughes"
"1029","Xun Huang"
"1030","Anirban Mukhopadhyay"
"1031","Goran Maksimovic"
"1032","David Jovovic"
"1033","Marina Jovovic"
"1034","Bashir Ahmad"
"1035","Akhtar Alam"
"1036","M Sultan Bhat"
"1037","Kurshid A Bhat"
"1038","I Mansouri"
"1039","M Shariati"
"1040","Z Ibrahim"
"1041","M M Tahir"
"1042","Dusan Markovic"
"1043","Andrew Bird"
"1044","Stephen A Karolyi"
"1045","Muhammad Arif"
"1046","Manzoor Illahi"
"1047","Ahmad Karim"
"1048","Khubaib Amjad Alam"
"1049","Shahid Farid"
"1050","Salman Iqbal"
"1051","Zolkepli Buang"
"1052","Valentina Emilia Balas"
"1053","Davood Kiakojuri"
"1054","Johari Abdullah"
"1055","Ramupillai Sudhesh"
"1056","A Azhagappan"
"1057","Majid Farzaneh"
"1058","Alireza Seidavi"
"1059","Elham Sadeghi"
"1060","Neng Fan"
"1061","Marsial Losada"
"1062","Emily Heaphy"
"1063","Barbara L Fredrickson"
"1064","Marcial F Losada"
"1065","Oluwatoyin O Oluwaniyi"
"1066","Igor Mladenovic"
"1067","Milos Milovancevic"
"1068","Vlastimir Nikolic"
"1069","Saibal Ghosh"
"1070","Zahra Daghighi Masouleh"
"1071","Mehrdad Ghorbani"
"1072","Daryoush Ashoori"
"1073","Asghar Bagheri"
"1074","Ganapathiraju Pramod"
"1075","Tony J Pitcher"
"1076","Gopikrishna Mantha"
"1077","Thomas Dolk"
"1078","Claudia Freigang"
"1079","Johanna Bogon"
"1080","Gesine Dreisbach"
"1081","Jonathan J Shuster"
"1082","Mark Handler"
"1083","Mengjia Zeng"
"1084","Zhaolin Cheng"
"1085","Xu Huang"
"1086","Bo Zheng"
"1087","Mehdi Poursheikhali Asgary"
"1088","Samad Jahandideh"
"1089","Parviz Abdolmaleki"
"1090","Anoshirvan Kazemnejad"
"1091","Mekki Hamdaoui"
"1092","Yamil Ricardo Velez"
"1093","Benjamin J Newman"
"1094","Anthony M Bertelli"
"1095","Kathleen M Doherty"
"1096","Marius Nicolae"
"1097","Sudipta Pathak"
"1098","Sanguthevar Rajasekaran"
"1099","Zheng Ge Huang"
"1100","Li Gong Wang"
"1101","Zhong Xu"
"1102","Jing JIng Cui"
"1103","Meng Li"
"1104","Yan Sun"
"1105","Hui Chen"
"1106","Antonio Cabrera de Leon"
"1107","Itahisa Marcelino Rodriguez"
"1108","Fadoua Gannar"
"1109","Arturo J Pedrero Garcia"
"1110","Delia Almeida Gonzalez"
"1111","M del Cristo Rodriguez Perez"
"1112","Buenaventura Brito Diaz"
"1113","Jose Juan Aleman Sanchez"
"1114","Armando Aguirre-Jaime"
"1115","Milan Gocic"
"1116","Shervin Motamedi"
"1117","Roslan Hashim"
"1118","Shahab Kariminia"
"1119","Chandrabhushan Roy"
"1120","Marziye Yousefi"
"1121","Benyamin Khishnevisan"
"1122","Mohd Hairul Nizam Md Nasir"
"1123","Rodina Ahmad"
"1124","Sareh Naji"
"1125","Miss Laiha Mat Kiah"
"1126","Amitava Chatterjee"
"1127","Wenbin Hu"
"1128","Huan Wang"
"1129","Chao Peng"
"1130","Huangle Liang"
"1131","Bo Du"
"1132","Yi Wang"
"1133","Amy L Kristoff-Brown"
"1134","Jee Young Seong"
"1135","David S Degeest"
"1136","Won Woo Park"
"1137","Doo Seung Hong"
"1138","Kyongseok Kim"
"1139","Sun Joo (Grace) Ahn"
"1140","Svetlana Sokolov-Mladenovic"
"1141","Petra Karanikic"
"1142","Meysam Alizamir"
"1143","Jong II Baek"
"1144","Sung Tae Park"
"1145","Mohsen Sheikholeslami"
"1146","Mofid Gorji Bandpy"
"1147","Hamid Reza Ashorynejad"
"1148","Fujian Song"
"1149","Tim Elwell-Sutton"
"1150","Felix Naughton"
"1151","Yen Yi Ho"
"1152","Tien Nhu Vo"
"1153","Haitao Chu"
"1154","Mark G LeSage"
"1155","Xianghua Luo"
"1156","Chap Te Le"
"1157","Richard Baldwin"
"1158","Peter Boghossian"
"1159","Helen Pluckrose"
"1160","James Lindsay"
"1161","Selma Ezzeddine"
"1162","M Sami Hammami"
"1163","Mohammad Shojafar"
"1164","A A Rahmani Hosseinabadi"
"1165","Maryam Kardgar"
"1166","M H N Md Nasir"
"1167","Sachin Singh"
"1168","Charles D McAllister"
"1169","Dan Rinks"
"1170","Xiaoyue Jiang"
"1171","Dana Ruggiero"
"1172","Laura Green"
"1173","Johannes Hendrik van Rooyen"
"1174","Daniel Lee Jones"
"1175","Brian Wansink"
"1176","Ganael Bascoul"
"1177","Gary T Chen"
"1178","Koertvan Ittersum"
"1179","Carolina Werle"
"1180","Abdul Haseeb Chaudhary"
"1181","Tao Lu"
"1182","Abdelkader T Ahmed"
"1183","Tingsheng Zhao"
"1184","Wen Liu"
"1185","Limao Zhang"
"1186","Wei Zhou"
"1187","Alexander Tilley"
"1188","Juliana Lopez-Angarita"
"1189","Qing Cao"
"1190","Mark A Thompson"
"1191","Yang Yu"
"1192","Benjamin R Auer"
"1193","Frank Schuhmacher"
"1194","Reza Tavakkoli-Moghaddam"
"1195","F Taheri"
"1196","M Bazzazi"
"1197","S Salahi"
"1198","Bennett Widyolar"
"1199","Lun Jiang"
"1200","Jonathan Ferry"
"1201","Roland Winston"
"1202","Surabhi Koul"
"1203","Piyush Kumar Sinha"
"1204","Hari Govind Mishra"
"1205","Qunyong Xia"
"1206","Bruce Headey"
"1207","Ruud Muffels"
"1208","Gert G Wagner"
"1209","Yichuan Zhao"
"1210","Min Lu"
"1211","Sami M Alhomod"
"1212","Mohd Mudasir Shafi"
"1213","Christin L Munsch"
"1214","Hsing Chau Tseng"
"1215","Chi Hsiang Duan"
"1216","Hui Lien Tung"
"1217","Hsuang Jui Kung"
"1218","Prateek Goorha"
"1219","Jason Potts"
"1220","Stephane Durand"
"1221","Marian Slodicka"
"1222","Sepehr Sanaye"
"1223","Masoud Dehghandokht"
"1224","Amir Fartaj"
"1225","Suzanne J Peterson"
"1226","Bruce J Avolio"
"1227","Sean T Hannah"
"1228","Cookhwan Kim"
"1229","Sungsik Park"
"1230","Kwiseok Kwon"
"1231","Woojin Chang"
"1232","John Carty"
"1233","Aoife Ahern"
"1234","Archana Sarangi"
"1235","Rabi Kumar Mahapatra"
"1236","Siba Prasada Panigrahi"
"1237","Mohammadreza Anbari Attar"
"1238","Hongming Xu"
"1239","Ying Tang"
"1240","Mei Meng"
"1241","Yong Lu"
"1242","Yongseok Chang"
"1243","Ker Tah Hsu"
"1244","Ling-Zhong Lin"
"1245","Tsuen-Ho Hsu"
"1246","Liang-Chih Huang"
"1247","Ronggen Yang"
"1248","Mingwu Ren"
"1249","Yajuan Li"
"1250","Marco A Palma"
"1251","Hsin-Nan Tsai"
"1252","Shey-Huei Sheu"
"1253","Zhe George Zhang"
"1254","Helmut Wagner"
"1255","Joelle Noailly"
"1256","Richard Nahuis"
"1257","Xiaohong Wei"
"1258","Zizhen Li"
"1259","Alberto Chong"
"1260","Jorge Guillen"
"1261","Florencio Lopez-de-Slianes"
"1262","Mohsen Mehrara"
"1263","Jun Cheng"
"1264","Jin E Zhang"
"1265","Muhamed Zulkhibri Abdul Majid"
"1266","Georgiana Nicoleta Rosoi"
"1267","Ryszard Barczyk"
"1268","Georgios Gerasimou"
"1269","Nicholas J Meinzer"
"1270","Katrin Ullrich"
"1271","Min Li"
"1272","Weiyin Fei"
"1273","Hongjian Liu"
"1274","Katusi Fukuyama"
"1275","Dinesh Neupane"
"1276","Simos G Meintanis"
"1277","Alberto Lanconelli"
"1278","Robert D Cooter"
"1279","Angara V Raja"
"1280","Hans-Bernd Schafer"
"1281","Mark M Meerschaert"
"1282","Chen Pingyan"
"1283","Gan Shixin"
"1284","Yo Sheena"
"1285","Hillel Furstenberg"
"1286","Abram Kagan"
"1287","G B Nath"
"1288","E G Enns"
"1289","Piotr Zientara"
"1290","Lech Kujawski"
"1291","David S DeGeest"
"1292","Elizabeth H Follmer"
"1293","Stephen E Lanivich"
"1294","Sheryl L Walter"
"1295","Ernest H O'Boyle"
"1296","Marco Chi-Keung Lau"
"1297","Christopher A Thortenson"
"1298","Adam D Pazda"
"1299","Andrew J Elliot"
"1300","Brigitte Heylen"
"1301","Miaoying Shi"
"1302","Runsheng Yin"
"1303","Hongdi Lv"
"1304","Shannon L Charles"
"1305","Don R Hansen"
"1306","Meysam Fakharyan"
"1307","Sadaf Omidvar"
"1308","Mohammad Reza Khodadadian"
"1309","Mohammad Reza Jalilvand"
"1310","Leila Nasrolahi Vosta"
"1311","Sh-Tyan Lo"
"1312","Hui-Ming Wee"
"1313","Wen-Chang Huang"
"1314","Mina Baliamoune-Lutz"
"1315","Tony Addison"
"1316","Christian Kanzow"
"1317","Nobuo Yamashita"
"1318","Masao Fukushima"
"1319","Frank Bruinsma"
"1320","Karima Kourtit"
"1321","Peter Nijkamp"
"1322","Jens Forster"
"1323","Markus Denzler"
"1324","Jia Liu"
"1325","Dirk Smeesters"
"1326","Kathleen D Vohs"
"1327","Jia Elke Liu"
"1328","Monique M Hennick"
"1329","Solveig A Cunningham"
"1330","Louis W Fry"
"1331","Michael Noel"
"1332","Emmanuel Sampene"
"1333","Folefac D Atem"
"1334","Janus S Liang"
"1335","Chia-Chi Wang"
"1336","Ying-Yao Cheng"
"1337","Wen-Bin Chiou"
"1338","Chun-Chia Kung"
"1339","Dong-Hee Shin"
"1340","Yongsuk Hwang"
"1341","Wilfredo Palma"
"1342","Guillerno Ferreira"
"1343","Eugene Z Geh"
"1344","Michael L Coleman"
"1345","Jeffrey D Niemann"
"1346","Torben G Andersen"
"1347","Oleg Bondarenko"
"1348","Kristine Deray"
"1349","Simeon Simoff"
"1350","Sasha Karl Grebe"
"1351","Chamil Rathnayake"
"1352","Chi-Wei Su"
"1353","Hsu-Ling Chang"
"1354","Jorge Pena"
"1355","Seung-Chul Yoo"
"1356","JIa (Elke) Liu"
"1357","Debra Trampe"
"1358","Lawrence J Sanna"
"1359","Lindsay A Kennedy"
"1360","Edward C Chang"
"1361","Paul M Miceli"
"1362","Kristjen B Lundberg"
"1363","Ayman Abdalmajeed Ahmad Al-smadi"
"1364","Mahmoud Khalid Almsafir"
"1365","Nur Hanis Hazwani Binti Husni"
"1366","Yue He"
"1367","Lingxi Song"
"1368","Randall Westgren"
"1369","Edward L Vine"
"1370","Jayant A Sathaye"
"1371","Willy R Makundi"
"1372","Hans W Gottinger"
"1373","Maria Francesch-Huidobro"
"1374","Junice Dzonzi-Undi"
"1375","Shixiang Li"
"1376","Hamed Asadi"
"1377","Cecile Yvonne Wright"
"1378","Natalie Darko"
"1379","P J Standen"
"1380","Tina G Patel"
"1381","Benson Wier"
"1382","Dan N Stone"
"1383","James E Hunton"
"1384","Robert Libby"
"1385","Hun-Tong Tan"
"1386","Thomas W Hall"
"1387","Bethane Jo Pierce"
"1388","Ruth Ann McEwan"
"1389","Benson Weir"
"1390","Presha E Neidermeyer"
"1391","Arnold M Wright"
"1392","Sally Wright"
"1393","J Efrim Boritz"
"1394","Marilyn M Greenstein"
"1395","Carolyn Strand Norton"
"1396","Antionette L Smith"
"1397","Ryan J Baxter"
"1398","Scott R Boss"
"1399","Rani Hoitash"
"1400","Jay C Thibodeau"
"1401","Anna Gold"
"1402","Marret K Noordewier"
"1403","Diederik A Stapel"
"1404","Willem Koomen"
"1405","Marcus Maringer"
"1406","Janneke F Joly"
"1407","Norbert Schwartz"
"1408","Joris Lammers"
"1409","Femke van Horen"
"1410","Kirsten I Ruys"
"1411","Camille S Johnson"
"1412","David M Marx"
"1413","Michael Hafner"
"1414","Dominique R Bourdin"
"1415","Thomas N Nipen"
"1416","Asma Mohsin"
"1417","Khalid Zaman"
"1418","Ulrich Lichtenthaler"
"1419","ulrich Lichtenthaler"
"1420","Holger Ernst"
"1421","David M Mayer"
"1422","Peng Wang"
"1423","Hui Wang"
"1424","Kristina Workman"
"1425","Amanda L Christensen"
"1426","Weichun Zhu"
"1427","Andrew Myers"
"1428","Bethany E Kok"
"1429","Kimberly A Coffey"
"1430","Michael A Cohn"
"1431","Lahnna I Catalino"
"1432","Tanya Vacharkulksemsuk"
"1433","Sara B Algoe"
"1434","Mary Brantley"
"1435","William Hart"
"1436","Russell Cropanzano"
"1437","Barry M Goldman"
"1438","Yi-Chia Wang"
"1439","Daniel Leung"
"1440","Astrid Dickinger"
"1441","Andrew Lawrence"
"1442","Benjamin Sovacool"
"1443","Andrew Stirling"
"1444","Daylian M Cain"
"1445","Don A Moore"
"1446","Uriel Haran"
"1447","Mark W Nelson"
"1448","Kristina Rennekamp"
"1449","Hossein Mohammadi"
"1450","Sanjiv Erat"
"1451","Uri Gneezy"
"1452","Hassan R HassabElnaby"
"1453","Alexandre Viejo"
"1454","David SÃ¡nchez"
"1455","Muhammad Azhar Khan"
"1456","Muhammad Zahir Khan"
"1457","Muhammad Mushtaq Khan"
"1458","Hina Zahoor"
"1459","Shahriar Afandizadeh Zargari"
"1460","Reza Jalalkamali"
"1461","Mahmoud Ahmadinejad"
"1462","Y Sekou Bermiss"
"1463","Bruce E Greenbaum"
"1464","Marshall Wise"
"1465","Elke L Hodson"
"1466","Bryan K Mignone"
"1467","Leon Clarke"
"1468","Stephanie Waldhoff"
"1469","Patrick Luckow"
"1470","Don Gotterbarn"
"1471","Jacob M Rose"
"1472","John M Griffin"
"1473","Gonzalo Maturana"
"1474","Samuel Aryee"
"1475","Andrew Karpinski"
"1476","Miriam Yale"
"1477","Jessie C Briggs"
"1478","Heidi I Brummert Lennings"
"1479","Wayne A Warburton"
"1480","Elaine Mauldin"
"1481","Patrick Wheeler"
"1482","Martin Hoegl"
"1483","Syeda Rabab Mudakkar"
"1484","David R Just"
"1485","Ozge Sigirci"
"1486","S H Behiry"
"1487","Karsten KÃ¶hler"
"1488","Alexander Guschanski"
"1489","Engelbert Stockhammer"
"1490","Suyan Shen"
"1491","Zhimin Qiu"
"1492","Jian Xu"
"1493","Qian Huang"
"1494","Haroon Muzaffar Buttar"
"1495","Jaehoon Rhee"
"1496","Xiaofei Zhao"
"1497","Choonghyun Kim"
"1498","Carla Barqueiro"
"1499","Anirban Basu"
"1500","Norma B Coe"
"1501","Atef Khelifi"
"1502","Jennifer E McLean"
"1503","Paul Bentzen"
"1504","Thomas P Quinn"
"1505","Tanveer Ahmad"
"1506","Ronald J Burke"
"1507","Marina N Astakhova"
"1508","Hongli Hang"
"1509","Chein-Ling Hsu"
"1510","Nadire Cavus"
"1511","Bashir Ahmad Khilji"
"1512","Mehboob Ahmad"
"1513","Laleena Salar"
"1514","Mohammad Saeed Lodhi"
"1515","Lukas Tencer"
"1516","Marta ReznÃ¡kovÃ¡"
"1517","Mohamed Cheriet"
"1518","Lionel Bobot"
"1519","Malik Fahim Bashir"
"1520","Changsheng Xu"
"1521","Ghulam Akhmat"
"1522","Muhammad Ikram"
"1523","Jamshed Y Uppal"
"1524","Imran Naseem"
"1525","Ghias Ud Din Shah"
"1526","HenriÃ«tta du Plessis"
"1527","Gerrie du Rand"
"1528","Farah Naz"
"1529","Syeda Anam Hassan"
"1530","Tengwen Zhang"
"1531","Mingfeng Tang"
"1532","Dayong Dong"
"1533","Mohamed Khalgui"
"1534","Olfa Mosbahi"
"1535","Hans-Michael Hanisch"
"1536","Roman V Ivanov"
"1537","Roohollah Noori"
"1538","Mohammad Ali Abdoli"
"1539","Ashkan Farokhnia"
"1540","Maryam Abbasi"
"1541","Ali Moeini"
"1542","Mehdi Ahrari"
"1543","Ali Erfanifard"
"1544","Te-Sheng Li"
"1545","Hsing-Hsin Huang"
"1546","Ihsan Kaya"
"1547","VladimÃ­r Volf"
"1548","David Marx"
"1549","Ludmila Pliskova"
"1550","Laszlo SÃ¼megh"
"1551","Alexander Celko"
"1552","Payel Das"
"1553","Santanu Mandal"
"1554","Randall L Rose"
"1555","Kevin Tang"
"1556","David A Robinson"
"1557","Michael Harvey"
"1558","John Schaubroeck"
"1559","Xiujuan Zhang"
"1560","Zhen Xiong (George) Chen"
"1561","Maria Rotundo"
"1562","Francesco Arduino"
"1563","Massimo Santarelli"
"1564","Sunku Hahn"
"1565","Vicky Arnold"
"1566","Jacqueline L Reck"
"1567","Sheng-Dong Wang"
"1568","Yong-Wu Zhou"
"1569","Zeeshan Izhar"
"1570","Sehrish Rustam"
"1571","Kashif Rashid"
"1572","Ajai Kumar Singh"
"1573","Jixiang Zhang"
"1574","Qingli Da"
"1575","Yanhua Wang"
"1576","Miriam Muethel"
"1577","Jodi L Whitaker"
"1578","Brad J Bushman"
"1579","Hiren M Maniar"
"1580","Rajesh Bhatt"
"1581","Dharmesh M Maniyar"
"1582","Behrang Assemi"
"1583","Daniel Schlagwein"
"1584","Koert van Ittersum"
"1585","James E Painter"
"1586","Paul R Rosenbaum"
"1587","Feng Wang"
"1588","Jie Lin"
"1589","Xiaohua Liu"
"1590","Jun-Ping Wang"
"1591","Kwadwo N Asare"
"1592","Mohammad J Abdolmohammadi"
"1593","B Douglas Clinton"
"1594","Min-Jae Lee"
"1595","Boong Yeol Ryoo"
"1596","Kenneth T Sullivan"
"1597","Awad S Hanna"
"1598","Craig D Parks"
"1599","Jia (Elke) Liu"
"1600","Golam Mostafa Khan"
"1601","Darwish Al Moharby"
"1602","Yousef Al Busaidi"
"1603","Fakhraddin Maroofi"
"1604","Juncai Xu"
"1605","Zhenzhong Shen"
"1606","Bernhard Valentini"
"1607","Lijuan Wang"
"1608","Seungkeun Song"
"1609","Joohyeon Lee"
"1610","Ahmed M Deif"
"1611","Waguih El Maraghy"
"1612","Yang Peizhong"
"1613","Wang Xin"
"1614","Liu Tao"
"1615","Sanjeev Bhojraj"
"1616","Elaine G Mauldin"
"1617","Patrick R Wheeler"
"1618","Cheri L Mazza"
"1619","Ruth Ann McEwen"
"1620","Ron S Kenett"
"1621","Mohamed I Gomaa"
"1622","Nicholas Seybert"
"1623","Paul Hamalainen"
"1624","Maximilien Hall"
"1625","Barry Howcroft"
"1626","Mohammad Asif Salam"
"1627","Inci Gumus"
"1628","Carsten Vogt"
"1629","Jungwon Min"
"1630","Hitoshi Mitsuhashi"
"1631","Frans W Siero"
"1632","H Mulder"
"1633","Thomas Mussweiler"
"1634","Naomi Mandel"
"1635","Gavin Fridell"
"1636","Joel C Nwaubani"
"1637","Eckhard Lichtenthaler"
"1638","Johan Frishammar"
"1639","Dong Hee Shin"
"1640","Eric Brouillat"
"1641","Saieed F Ateya"
"1642","Abd EL-Baset A Ahmad"
"1643","Chang-Shi Liu"
"1644","Ming-Yong Lai"
"1645","Bent Flyvbjerg"
"1646","Mette K Skamris Holm"
"1647","SÃ¸ren L Buhl"
"1648","Kubilay Kaptan"
"1649","Tan Shukui"
"1650","Tauseef Ahmed"
"1651","Yongdeng Lei"
"1652","Han Yu"
"1653","Jingâai Wang"
"1654","Xiaoyun Huang"
"1655","GÃ¼n R Semin"
"1656","Karen I Van der Zee"
"1657","Jerry Suls"
"1658","Joop van der Pligt"
"1659","Lonneke A J G van der Linde"
"1660","Yana R Avramova"
"1661","Davy Lerouge"
"1662","S Christian Wheeler"
"1663","Karen M Ruggiero"
"1664","Neha Mahajan"
"1665","Margaret A Martinez"
"1666","Natashya L Gutierrez"
"1667","Gil Diesendruck"
"1668","Mahzarin R Banaji"
"1669","Laurie R Santos"
"1670","Hart Blanton"
"1671","H Mwambi"
"1672","S Ramroop"
"1673","Z Shkedy"
"1674","G Molenberghs"
"1675","Claire I Fisher"
"1676","Amanda C Hahn"
"1677","Lisa M DeBruine"
"1678","Benedict C Jones"
"1679","David E Anderson"
"1680","Edward K Vogel"
"1681","Edward Awh"
"1682","Jonas Persson"
"1683","Patricia A Reuter-Lorenz"
"1684","Jason P Mitchell"
"1685","Nancy Krieger"
"1686","Melanie L Lorenzo"
"1687","H Ramji"
"1688","EH Gordijn"
"1689","Laura Hubbs-Tait"
"1690","Katherine L Dickin"
"1691","Madeleine Sigman-Grant"
"1692","Lisa Jahns"
"1693","Amy R Mobley"
"1694","Maoqiang Xie"
"1695","TaeHyun Hwang"
"1696","Rui Kuang"
"1697","Ali Osman Atahan"
